iter	Logloss
0	0.5473285712
700	0.1017530382
